Feature,Importance
C0_mgL,9.0468245413709
süre_dk,2.8286752976928566
pH,2.7683970693654896
Doz_mg,0.9104477269290512
